id;firstname;lastname;phone_number;date_of_birth
1;connecting Rhode Island convergence;sensor;transparent;2020-02-26
2;International metrics;vertical sticky back up;Refined payment multi-tasking;2020-02-26
3;optical Graphic Interface;feed infrastructure;Money Market Account;2020-02-25
4;Towels;District;ivory gold;2020-02-25
5;Shoes Practical;SMTP cross-media;navigating reboot back-end;2020-02-25
6;maximized alarm Czech Koruna;TCP;Personal Loan Account Music;2020-02-26
7;Causeway;cultivate;Handcrafted Cotton Mouse;2020-02-26
8;Generic Rubber Soap mobile Direct;Computers;Administrator Designer fuchsia;2020-02-26
9;Programmable Investment Account;Personal Loan Account bypass Product;override;2020-02-26
10;deposit Iranian Rial Berkshire;reintermediate;synthesizing Fords;2020-02-26
